name,age,gender,isBIPOC,isLGBTQIA,experienceDays
Alice Johnson,28,Female,false,false,5
Bob Smith,34,Male,false,false,12
Carmen Rodriguez,26,Female,true,false,3
David Kim,31,Male,true,false,8
Emily Chen,29,Female,true,false,1
Frank Wilson,45,Male,false,false,15
Grace Patel,33,Female,false,false,7
Henry Brown,27,Male,false,false,2
Isabella Martinez,30,Female,true,false,10
Jake Thompson,36,Male,false,false,4
Kaia Williams,24,Non-binary,true,true,0
Lucas Davis,32,Male,false,false,6
Maya Singh,28,Female,true,false,9
Nathan Lee,35,Male,false,false,11
Olivia Garcia,29,Female,false,false,3
Paul Anderson,41,Male,false,false,14
Quinn Taylor,26,Non-binary,false,false,1
Rachel White,33,Female,false,false,8
Sam Jackson,30,Male,true,false,5
Tara Murphy,27,Female,false,false,2
Uma Gupta,31,Female,false,false,7
Victor Lopez,38,Male,false,false,13
Wendy Clark,25,Female,false,false,1
Xavier Hayes,34,Male,false,false,6
Yuki Tanaka,29,Female,true,false,4
Zoe Mitchell,32,Female,false,false,9
Aaron Brooks,29,Male,false,false,7
Bella Nguyen,25,Female,false,false,2
Carlos Hernandez,37,Male,false,false,11
Diana Foster,31,Female,false,false,4
Ethan Wright,28,Male,false,false,8
Fiona O'Brien,34,Female,false,false,13
Gabriel Santos,26,Male,false,false,1
Hannah Cooper,33,Female,false,false,6
Ian Rodriguez,30,Male,true,false,9
Jordan Blake,27,Non-binary,false,false,3
Kenji Nakamura,35,Male,false,false,12
Luna Reyes,24,Female,false,false,0
Marcus Washington,39,Male,false,false,16
Nora Campbell,28,Female,false,false,5
Oscar Delgado,32,Male,false,false,8
Priya Sharma,26,Female,true,false,2
Quincy Adams,41,Male,false,false,14
Riley Chen,29,Non-binary,false,false,7
Sophia Petrov,31,Female,false,false,10
Theo Barnes,27,Male,false,false,4
Ulysses Carter,33,Male,false,false,9
Valentina Cruz,33,Female,false,false,9
Wesley Park,35,Male,false,false,11
Xara Thompson,25,Female,false,false,1
Yolanda Martinez,30,Female,false,false,6
Zander Kim,28,Male,false,false,3
Aria Patel,26,Female,false,false,5
Blake Turner,34,Male,false,false,12
Chloe Williams,29,Female,false,false,8
Dante Silva,31,Male,false,false,7
Eva Johansson,27,Female,false,false,4
Felix Brown,36,Male,false,false,13
Gemma Taylor,24,Female,false,false,0
Hugo Fernandez,32,Male,false,false,9
Iris Wong,28,Female,true,false,6
Jasper Lee,30,Male,true,false,10
Kira Volkov,25,Female,false,false,2
Liam O'Connor,35,Male,false,false,11
Mia Rodriguez,29,Female,false,false,5
Noah Jackson,33,Male,false,false,8
Opal Singh,26,Female,true,false,3
Phoenix Taylor,31,Non-binary,false,false,7
Quinn Martinez,28,Non-binary,false,false,4
River Johnson,24,Non-binary,false,false,1
Sage Williams,32,Non-binary,false,true,9
Talia Nguyen,27,Female,false,false,6
Uriel Santos,34,Male,false,false,12
Vera Petrov,30,Female,false,false,8
Wade Thompson,29,Male,false,false,5
Xenia Garcia,25,Female,false,false,2
Yara Patel,31,Female,true,true,7
Zara Kim,28,Female,false,false,4
Aiden Brooks,26,Male,false,false,3
Bianca Lopez,33,Female,false,false,10
Caleb Davis,30,Male,false,true,6
Delilah Chen,27,Female,false,false,1
Elijah Rodriguez,35,Male,false,false,13
Freya Anderson,29,Female,false,false,8
Gideon Martinez,32,Male,false,false,9
Hazel Thompson,24,Female,false,true,0
Isaac Williams,31,Male,false,false,7
Jada Jackson,28,Female,false,false,5
Kai Nguyen,26,Male,true,true,2
Layla Santos,34,Female,false,false,11
Mason Park,30,Male,false,false,8
Nia Rodriguez,27,Female,false,false,4
Owen Taylor,33,Male,false,false,10
Piper Chen,25,Female,false,true,1
Quentin Lee,29,Male,false,false,6
Raven Williams,31,Non-binary,false,true,9
Sienna Martinez,28,Female,false,false,5
Tristan Brown,32,Male,false,false,7
Unity Johnson,26,Non-binary,false,true,3
Violet Garcia,34,Female,false,false,12
Wyatt Thompson,30,Male,false,false,8
Xander Patel,27,Male,false,false,4
Yasmin Rodriguez,29,Female,false,false,6
Zion Kim,25,Male,false,true,2